date,attempts,completed,errors,dayMax,highWater
2026-04-16,3,3,0,130.42,130.42
2026-04-17,5,5,0,1874.40,1874.40
2026-04-18,6,0,6,,1874.40
2026-04-19,13,0,13,,1874.40
2026-04-20,3,0,3,,1874.40
2026-04-21,41,1,40,5111.43,5111.43
2026-04-22,55,1,54,5250.88,5250.88
2026-04-23,76,3,73,5338.54,5338.54
2026-04-24,4,0,4,,5338.54
2026-04-25,8,0,8,,5338.54
2026-04-26,100,37,63,2189.77,5338.54
2026-04-27,78,78,0,2194.59,5338.54
2026-04-28,25,23,2,50.85,5338.54
2026-04-29,23,23,0,5578.83,5578.83
2026-04-30,23,23,0,5677.49,5677.49
2026-05-01,36,32,4,5691.18,5691.18
2026-05-02,103,101,2,5705.12,5705.12
2026-05-03,29,29,0,5862.13,5862.13
2026-05-04,6,6,0,5876.84,5876.84
2026-05-05,95,94,1,6007.32,6007.32
2026-05-06,94,84,10,6032.65,6032.65
2026-05-07,91,88,3,6081.05,6081.05
2026-05-08,0,0,0,,6081.05
2026-05-09,93,93,0,6138.93,6138.93
2026-05-10,43,43,0,6196.89,6196.89
2026-05-11,8,8,0,6197.67,6197.67
2026-05-12,0,0,0,,6197.67
2026-05-13,0,0,0,,6197.67
2026-05-14,0,0,0,,6197.67
2026-05-15,0,0,0,,6197.67
2026-05-16,0,0,0,,6197.67
2026-05-17,0,0,0,,6197.67
2026-05-18,0,0,0,,6197.67
2026-05-19,0,0,0,,6197.67
2026-05-20,0,0,0,,6197.67
2026-05-21,0,0,0,,6197.67
2026-05-22,0,0,0,,6197.67
2026-05-23,0,0,0,,6197.67
2026-05-24,0,0,0,,6197.67
2026-05-25,0,0,0,,6197.67
2026-05-26,0,0,0,,6197.67
2026-05-27,0,0,0,,6197.67
2026-05-28,0,0,0,,6197.67
2026-05-29,0,0,0,,6197.67
2026-05-30,0,0,0,,6197.67
2026-05-31,0,0,0,,6197.67
2026-06-01,0,0,0,,6197.67
2026-06-02,0,0,0,,6197.67
2026-06-03,0,0,0,,6197.67
2026-06-04,0,0,0,,6197.67
2026-06-05,0,0,0,,6197.67
2026-06-06,0,0,0,,6197.67
2026-06-07,0,0,0,,6197.67
2026-06-08,0,0,0,,6197.67
2026-06-09,0,0,0,,6197.67
2026-06-10,0,0,0,,6197.67
2026-06-11,0,0,0,,6197.67
2026-06-12,0,0,0,,6197.67
2026-06-13,2,2,0,6336.49,6336.49
2026-06-14,5,5,0,6372.84,6372.84
2026-06-15,15,12,3,6394.88,6394.88
2026-06-16,10,10,0,6409.44,6409.44
2026-06-17,6,6,0,6421.21,6421.21
2026-06-18,100,100,0,6489.87,6489.87
2026-06-19,87,76,11,7127.18,7127.18
2026-06-20,39,36,3,7139.67,7139.67
2026-06-21,36,25,11,7144.27,7144.27
2026-06-22,20,20,0,7148.28,7148.28
2026-06-23,4,4,0,7157.22,7157.22
2026-06-24,77,56,21,7168.50,7168.50
2026-06-25,0,0,0,,7168.50
2026-06-26,0,0,0,,7168.50
2026-06-27,0,0,0,,7168.50
2026-06-28,75,62,13,7177.41,7177.41
2026-06-29,19,16,3,7179.41,7179.41
2026-06-30,55,49,6,7182.23,7182.23
2026-07-01,18,16,2,7182.62,7182.62
2026-07-02,38,37,1,7188.04,7188.04
2026-07-03,20,19,1,7188.58,7188.58
2026-07-04,0,0,0,,7188.58
2026-07-05,0,0,0,,7188.58
2026-07-06,0,0,0,,7188.58
2026-07-07,14,14,0,7249.84,7249.84
2026-07-08,34,34,0,7271.70,7271.70
2026-07-09,35,31,4,7276.67,7276.67
2026-07-10,29,29,0,7283.48,7283.48
2026-07-11,65,65,0,7299.15,7299.15
2026-07-12,47,47,0,7399.37,7399.37
2026-07-13,68,68,0,7414.03,7414.03
2026-07-14,60,56,4,7436.63,7436.63
2026-07-15,101,100,1,7496.25,7496.25
